401343844,USD,1582.66,SAVING,3550891500,Payroll march 2018,John Smith
1713430133,USD,941.21,SAVING,2200993002,Payroll march 2018,Caro Madame
1104447619,USD,725.2,SAVING,2203128508,Payroll march 2018,Madalaine Rodrigues
805676117,USD,433.79,SAVING,5464013600,Payroll march 2018,Belen Salas
1717654933,USD,1269.1,SAVING,5497217100,Payroll march 2018,Mariah Carrey
1102362626,USD,1087.8,SAVING,2200376305,Payroll march 2018,Alicia Silverston
1718735793,USD,906.5,SAVING,6048977500,Payroll march 2018,Shakira Vizuete
1345644970,USD,494.9,SAVING,6099018000,Payroll march 2018,Alberto Salazar
604444602,USD,1676.4,SAVING,5524707700,Payroll march 2018,Charles Darwin
1577777593,USD,3229.75,SAVING,3033235300,Payroll march 2018,Rene Enriquez
1777705472,USD,2061.27,SAVING,3125662300,Payroll march 2018,Packpub Books
1999353121,USD,906.5,SAVING,2203118265,Payroll march 2018,Paul Sam
1878363820,USD,1838.3,SAVING,4837838200,Payroll march 2018,Luke SkyW
